# source	target	kind	note
七転八倒	七顚八倒	safe	文化廳「同音の漢字による書きかえ」。前者は「ころぶ」の意で、語義を變へない。
戦々恐々	戦々兢々	safe	文化廳「同音の漢字による書きかえ」。精選版日本國語大辭典が書換へと明記し、恐れ愼む・びくびくする語義を共有する。繰返しの表記も用例で確認した。https://kotobank.jp/word/戦々兢々 https://kotobank.jp/word/戦戦恐恐
下克上	下剋上	safe	文化廳「同音の漢字による書きかえ」。大辭泉が兩表記を同一見出しに擧げ、中世の權力奪取と現代の競技等の轉義を共有する。https://kotobank.jp/word/下剋上
名誉欲	名誉慾	safe	文化廳「同音の漢字による書きかえ」。前者は願望の意で、語義を變へない。
射幸心	射倖心	safe	文化廳「同音の漢字による書きかえ」。大辭泉が兩表記を同一見出しに擧げ、偶然の利益を願ふ氣持の語義を共有する。https://kotobank.jp/word/射幸心
希元素	稀元素	safe	文化廳「同音の漢字による書きかえ」。前者は「まれ」の意で、語義を變へない。
希硫酸	稀硫酸	safe	文化廳「同音の漢字による書きかえ」。前者は「まれ」の意で、語義を變へない。
慰謝料	慰藉料	safe	文化廳「同音の漢字による書きかえ」。精選版日本國語大辭典が兩表記を同一見出しに擧げ、精神的苦痛に對する損害賠償金の語義を共有する。https://kotobank.jp/word/慰謝料
放物線	抛物線	safe	文化廳「同音の漢字による書きかえ」。精選版日本國語大辭典が後者からの書換へと明記し、二次曲線の語義を共有する。https://kotobank.jp/word/放物線
溶鉱炉	鎔鉱炉	safe	文化廳「同音の漢字による書きかえ」。大辭泉が兩表記を同一見出しに擧げ、金屬鑛石の製鍊に用ゐる爐の語義を共有する。https://kotobank.jp/word/溶鉱炉
画期的	劃期的	safe	文化廳「同音の漢字による書きかえ」。精選版日本國語大辭典が兩表記を同一見出しに擧げ、新時代を開くほど優れたさまの語義を共有する。https://kotobank.jp/word/画期的
皆既食	皆既蝕	safe	文化廳「同音の漢字による書きかえ」。前者は「むしばむ」の意で、語義を變へない。
管弦楽	管絃楽	safe	文化廳「同音の漢字による書きかえ」。精選版日本國語大辭典が後者からの書換へと明記してをり、語義を變へない。https://kotobank.jp/word/管弦楽
一丁	一挺	pending	文化廳「同音の漢字による書きかえ」。兩辭典に人夫・男子・長さや面積・書物の丁數等があり、物の數を數へる語義以外は後者に統一できず保留する。https://kotobank.jp/word/一丁
丁寧	叮嚀	pending	文化廳「同音の漢字による書きかえ」。精選版日本國語大辭典に古代中國の樂器と、入念・懇切・反復・冗長の各義がある。後者の字通項目で樂器の語義を確認できず、一律の書換へは保留する。https://kotobank.jp/word/丁寧 https://kotobank.jp/word/叮嚀
丁重	鄭重	safe	文化廳「同音の漢字による書きかえ」。大辭泉が兩表記を同一見出しに擧げ、禮儀正しく手厚い意と注意が行き屆く意の兩義を共有する。https://kotobank.jp/word/丁重
三弦	三絃	safe	文化廳「同音の漢字による書きかえ」。精選版日本國語大辭典が兩表記を同一見出しに擧げ、三味線・中國の樂器・雅樂の三種の樂器の各語義を共有する。https://kotobank.jp/word/三弦
乾留	乾溜	safe	文化廳「同音の漢字による書きかえ」。精選版日本國語大辭典が後者からの書換へと明記してをり、語義を變へない。https://kotobank.jp/word/乾留
了承	諒承	safe	文化廳「同音の漢字による書きかえ」。大辭泉が兩表記を同一見出しに擧げ、事情を酌んで承知・承諾する語義を共有する。https://kotobank.jp/word/了承
了解	諒解	pending	文化廳「同音の漢字による書きかえ」。精選版日本國語大辭典は一般的な理解・承認の意に後者を擧げるが、哲學用語の追體驗による把握の意への適用は確認できず保留する。https://kotobank.jp/word/了解
交差	交叉	safe	文化廳「同音の漢字による書きかえ」。精選版日本國語大辭典が後者からの書換へと明記し、線狀のものが交はる意及び染色體の部分交換の兩義を共有する。https://kotobank.jp/word/交差
交歓	交驩	safe	文化廳「同音の漢字による書きかえ」。精選版日本國語大辭典が兩表記を同一見出しに擧げ、互ひに打ち解けて樂しむ語義を共有する。https://kotobank.jp/word/交歓
企画	企劃	safe	文化廳「同音の漢字による書きかえ」。大辭泉が兩表記を同一見出しに擧げ、計劃を立てること及びその計劃の兩義を共有する。https://kotobank.jp/word/企画
伸長	伸暢	pending	文化廳「同音の漢字による書きかえ」。大辭泉は一般的な伸びる・伸ばす意で兩表記を擧げるが、地學用語の伸びの變形量及び巖石中の長く伸びた方向への適用は確認できず保留する。https://kotobank.jp/word/伸長
低回	彽徊	safe	文化廳「同音の漢字による書きかえ」。精選版日本國語大辭典が兩表記を同一見出しに擧げ、行きつ戾りつする意・思考を巡らせて味はふ意・低空を飛び囘る意を共有する。https://kotobank.jp/word/低回
供応	饗応	safe	文化廳「同音の漢字による書きかえ」。精選版日本國語大辭典が前者の字を現代表記の代用字と明記し、迎合と酒や料理でもてなす兩義を後者で擧げる。https://kotobank.jp/word/饗応
侵略	侵掠	safe	文化廳「同音の漢字による書きかえ」。精選版日本國語大辭典が兩表記を同一見出しに擧げ、他の領分を奪ふ意及び勢力を廣げる轉義を共有する。https://kotobank.jp/word/侵略
侵食	侵蝕	safe	文化廳「同音の漢字による書きかえ」。前者は「むしばむ」の意で、語義を變へない。
係争	繋争	safe	文化廳「同音の漢字による書きかえ」。精選版日本國語大辭典が兩表記を同一見出しに擧げ、訴訟當事者閒の爭ひ及び訴訟中である語義を共有する。https://kotobank.jp/word/係争
係属	繋属	safe	文化廳「同音の漢字による書きかえ」。精選版日本國語大辭典が兩表記を同一見出しに擧げ、物事が繫がる・繫げる意及び裁判所で訴訟處理中の意を共有する。https://kotobank.jp/word/係属
係留	繋留	safe	文化廳「同音の漢字による書きかえ」。大辭泉が兩表記を同一見出しに擧げ、船・氣球等を繫ぎ留める語義を共有する。https://kotobank.jp/word/係留
係船	繋船	safe	文化廳「同音の漢字による書きかえ」。大辭泉が兩表記を同一見出しに擧げ、船の繫留及び不況時の運航中止、竝びにその船の各義を共有する。https://kotobank.jp/word/係船
俊才	駿才	safe	文化廳「同音の漢字による書きかえ」。精選版日本國語大辭典が兩表記を同一見出しに擧げ、優れた才能及びその持主の兩義を共有する。https://kotobank.jp/word/俊才
保母	保姆	safe	文化廳「同音の漢字による書きかえ」。精選版日本國語大辭典が兩表記を同一見出しに擧げ、母に代はる養育者・幼稚園の女敎師・兒童福祉施設の女性職員の各義を共有する。https://kotobank.jp/word/保母
保育	哺育	pending	文化廳「同音の漢字による書きかえ」。精選版日本國語大辭典は後者を動物の子に乳や⻝物を與へ育てる意とし、前者の植物を育てる用例及び幼兒敎育の語義への適用は確認できず保留する。https://kotobank.jp/word/保育 https://kotobank.jp/word/哺育
倉皇	蒼煌	pending	文化廳「同音の漢字による書きかえ」。大辭泉・精選版日本國語大辭典は後者とは異なる字の表記を擧げる。指定された後者表記の同等性を確認できず保留する。https://kotobank.jp/word/倉皇
倒壊	倒潰	safe	文化廳「同音の漢字による書きかえ」。精選版日本國語大辭典が兩表記を同一見出しに擧げ、建造物等が倒れて潰れる語義を共有する。https://kotobank.jp/word/倒壊
停泊	碇泊	safe	文化廳「同音の漢字による書きかえ」。大辭泉が兩表記を同一見出しに擧げ、船が碇を下ろして止まる語義を共有する。https://kotobank.jp/word/停泊
元凶	元兇	safe	文化廳「同音の漢字による書きかえ」。前者は「わるい」の意で、語義を變へない。
先端	尖端	safe	文化廳「同音の漢字による書きかえ」。大辭泉が兩表記を同一見出しに擧げ、物の端・尖つた先及び時代や流行の先頭の各義を共有する。https://kotobank.jp/word/先端
先鋭	尖鋭	safe	文化廳「同音の漢字による書きかえ」。精選版日本國語大辭典が後者からの書換へと明記し、銳く尖る意及び思想・行動が急進的な轉義を共有する。https://kotobank.jp/word/先鋭
全壊	全潰	safe	文化廳「同音の漢字による書きかえ」。精選版日本國語大辭典が後者からの書換へと明記し、すつかり潰れる・完全に壞れる語義を共有する。https://kotobank.jp/word/全壊
凶刃	兇刃	safe	文化廳「同音の漢字による書きかえ」。前者は「わるい」の意で、語義を變へない。
凶器	兇器	safe	文化廳「同音の漢字による書きかえ」。前者は「わるい」の意で、語義を變へない。
凶変	兇変	safe	文化廳「同音の漢字による書きかえ」。前者は「わるい」の意で、語義を變へない。
凶悪	兇悪	safe	文化廳「同音の漢字による書きかえ」。前者は「わるい」の意で、語義を變へない。
凶暴	兇暴	safe	文化廳「同音の漢字による書きかえ」。前者は「わるい」の意で、語義を變へない。
凶漢	兇漢	safe	文化廳「同音の漢字による書きかえ」。前者は「わるい」の意で、語義を變へない。
凶行	兇行	safe	文化廳「同音の漢字による書きかえ」。前者は「わるい」の意で、語義を變へない。
利口	悧巧	pending	文化廳「同音の漢字による書きかえ」。精選版日本國語大辭典は音讀で兩表記を擧げるが、別見出しの訓讀「ききぐち」に後者を擧げず、全讀みへの適用は保留する。https://kotobank.jp/word/利口
刺激	刺戟	safe	文化廳「同音の漢字による書きかえ」。大辭泉が兩表記を同一見出しに擧げ、生體への作用と物事の動きを活發にする作用及びその原因の各義を共有する。https://kotobank.jp/word/刺激
包丁	庖丁	safe	文化廳「同音の漢字による書きかえ」。大辭泉が兩表記を同一見出しに擧げ、料理用及び料理用以外の刃物・料理・料理人の各語義を共有する。https://kotobank.jp/word/包丁
包帯	繃帯	safe	文化廳「同音の漢字による書きかえ」。精選版日本國語大辭典が兩表記を同一見出しに擧げ、傷口等を包む細長い布の語義を共有する。https://kotobank.jp/word/包帯
区画	区劃	safe	文化廳「同音の漢字による書きかえ」。大辭泉が兩表記を同一見出しに擧げ、區切る行爲及び區切られた各部分の兩義を共有する。https://kotobank.jp/word/区画
厳然	儼然	safe	文化廳「同音の漢字による書きかえ」。精選版日本國語大辭典が兩表記を同一見出しに擧げ、重々しい威嚴と確固として動かし難いさまを共有する。https://kotobank.jp/word/厳然
反乱	叛乱	safe	文化廳「同音の漢字による書きかえ」。大辭泉が兩表記を同一見出しに擧げ、權力への武力的反抗を共有し、書名は後者への參照を明記する。https://kotobank.jp/word/反乱
反旗	叛旗	safe	文化廳「同音の漢字による書きかえ」。精選版日本國語大辭典が兩表記を同一見出しに擧げ、謀反の旗の語義を共有する。https://kotobank.jp/word/反旗
反発	反撥	safe	文化廳「同音の漢字による書きかえ」。精選版日本國語大辭典が後者からの書換へと明記し、力の跳返し・言動への反抗・相場の反騰を共有する。https://kotobank.jp/word/反発
反逆	叛逆	safe	文化廳「同音の漢字による書きかえ」。精選版日本國語大辭典が兩表記を同一見出しに擧げ、國や主人への反抗及び世閒の風潮への反抗を共有する。https://kotobank.jp/word/反逆
収集	蒐集	safe	文化廳「同音の漢字による書きかえ」。精選版日本國語大辭典が兩表記を同一見出しに擧げ、寄せ集める行爲及び集めたものを共有する。https://kotobank.jp/word/収集
叙情	抒情	safe	文化廳「同音の漢字による書きかえ」。大辭泉が兩表記を同一見出しに擧げ、感情を述べ表す語義を共有する。https://kotobank.jp/word/叙情
古希	古稀	safe	文化廳「同音の漢字による書きかえ」。前者は「まれ」の意で、語義を變へない。
古跡	古蹟	safe	文化廳「同音の漢字による書きかえ」。前者は「あとのこる」の意で、語義を變へない。
台風	颱風	safe	文化廳「同音の漢字による書きかえ」。精選版日本國語大辭典が後者からの書換へと明記し、兩表記で熱帶低氣壓の語義を共有する。https://kotobank.jp/word/台風
史跡	史蹟	safe	文化廳「同音の漢字による書きかえ」。前者は「あとのこる」の意で、語義を變へない。
吟唱	吟誦	safe	文化廳「同音の漢字による書きかえ」。大辭泉が兩表記を同一見出しに擧げ、詩歌を節を附けて歌ふ語義を共有する。https://kotobank.jp/word/吟唱
喫水	吃水	safe	文化廳「同音の漢字による書きかえ」。精選版日本國語大辭典が後者からの書換へと明記し、船舶及び水上機・飛行艇の水中の深さを共有する。https://kotobank.jp/word/喫水
嘆願	歎願	safe	文化廳「同音の漢字による書きかえ」。精選版日本國語大辭典が兩表記を同一見出しに擧げ、切に願ふ意及び聖公會の禮拜形式を共有する。https://kotobank.jp/word/嘆願
回廊	廻廊	safe	文化廳「同音の漢字による書きかえ」。大辭泉が兩表記を同一見出しに擧げ、建物の步廊・領土の細長い突出部・安全な經路の譬喩を共有する。https://kotobank.jp/word/回廊
回復	恢復	pending	文化廳「同音の漢字による書きかえ」。一般的な狀態復歸・取戾しで兩表記を共有するが、金屬學・化學の結晶の物性變化への後者表記の適用は確認できず保留する。https://kotobank.jp/word/回復
回虫	蛔虫	safe	文化廳「同音の漢字による書きかえ」。精選版日本國語大辭典が兩表記を同一見出しに擧げ、人體寄生蟲と廣義の家畜寄生蟲を共有する。https://kotobank.jp/word/回虫
回転	廻転	pending	文化廳「同音の漢字による書きかえ」。大辭泉の一般語・競技の各義は兩表記を共有するが、ベクトル場の演算に後者表記を用ゐる根據を確認できず保留する。https://kotobank.jp/word/回転
回送	廻送	safe	文化廳「同音の漢字による書きかえ」。大辭泉が兩表記を同一見出しに擧げ、轉送・空車の移動・圖書館閒の資料移送を共有する。https://kotobank.jp/word/回送
園地	苑地	safe	文化廳「同音の漢字による書きかえ」。大辭泉が兩表記を同一見出しに擧げ、自然公園の施設區域・庭園等の土地・律令制の私有地を共有する。https://kotobank.jp/word/園地
壊乱	潰乱	safe	文化廳「同音の漢字による書きかえ」。大辭泉が兩表記を同一見出しに擧げ、秩序や風俗の亂れ・攪亂及び組織の崩れを共有する。https://kotobank.jp/word/壊乱
壊滅	潰滅	pending	文化廳「同音の漢字による書きかえ」。一般語は兩表記を共有するが、ブリタニカ所收の同名のファジェーエフの小說は前者のみの書名であり保留する。https://kotobank.jp/word/壊滅
外郭	外廓	pending	文化廳「同音の漢字による書きかえ」。大辭泉は音讀の兩表記を倂記するが、訓讀の外圍ひ・區畫の見出しには後者を擧げず、全讀みへの適用は保留する。https://kotobank.jp/word/外郭
大欲	大慾	safe	文化廳「同音の漢字による書きかえ」。前者は願望の意で、語義を變へない。
奇形	畸形	safe	文化廳「同音の漢字による書きかえ」。精選版日本國語大辭典が兩表記を同一見出しに擧げ、珍しい形及び動植物の發生異常による形の各義を共有する。https://kotobank.jp/word/奇形
奇談	綺談	pending	文化廳「同音の漢字による書きかえ」。大辭泉・精選版日本國語大辭典は前者の珍しい不思議な話と後者の巧みに飾つた話を別に說明し、全語義の同等性は保留する。https://kotobank.jp/word/奇談 https://kotobank.jp/word/綺談
奇跡	奇蹟	safe	文化廳「同音の漢字による書きかえ」。前者は「あとのこる」の意で、語義を變へない。
奪略	奪掠	safe	文化廳「同音の漢字による書きかえ」。精選版日本國語大辭典が兩表記を同一見出しに擧げ、力づくで奪ふ語義を共有する。https://kotobank.jp/word/奪略
妨害	妨碍	safe	文化廳「同音の漢字による書きかえ」。精選版日本國語大辭典が兩表記を同一見出しに擧げ、妨げる・邪魔する語義を共有する。https://kotobank.jp/word/妨害
安逸	安佚	safe	文化廳「同音の漢字による書きかえ」。精選版日本國語大辭典が兩表記を同一見出しに擧げ、氣樂に樂しむ・何もせず遊び暮らす意を共有する。https://kotobank.jp/word/安逸
専断	擅断	safe	文化廳「同音の漢字による書きかえ」。精選版日本國語大辭典が兩表記を同一見出しに擧げ、自分の考へで勝手に決めて行ふ語義を共有する。https://kotobank.jp/word/専断
尋問	訊問	safe	文化廳「同音の漢字による書きかえ」。精選版日本國語大辭典が兩表記を同一見出しに擧げ、問ひ質す一般的な意及び裁判官・警察官等の口頭質問を共有する。https://kotobank.jp/word/尋問
崩壊	崩潰	pending	文化廳「同音の漢字による書きかえ」。大辭泉は一般的な崩れと原子核・素粒子の變化で兩表記を擧げるが、同名の小說集は前者のみの書名であり保留する。https://kotobank.jp/word/崩壊
希代	稀代	safe	文化廳「同音の漢字による書きかえ」。前者は「まれ」の意で、語義を變へない。
希少	稀少	safe	文化廳「同音の漢字による書きかえ」。前者は「まれ」の意で、語義を變へない。
希薄	稀薄	safe	文化廳「同音の漢字による書きかえ」。前者は「まれ」の意で、語義を變へない。
希釈	稀釈	safe	文化廳「同音の漢字による書きかえ」。前者は「まれ」の意で、語義を變へない。
干天	旱天	safe	文化廳「同音の漢字による書きかえ」。精選版日本國語大辭典が兩表記を同一見出しに擧げ、日照續き及びその空の兩義を共有する。https://kotobank.jp/word/干天
干害	旱害	safe	文化廳「同音の漢字による書きかえ」。世界大百科事典が後者表記を明記し、農業被害に限らず用水不足による災害全般を共有する。https://kotobank.jp/word/干害
広報	弘報	safe	文化廳「同音の漢字による書きかえ」。精選版日本國語大辭典が後者からの書換へと明記し、組織が廣く知らせること及びその知らせの語義を共有する。https://kotobank.jp/word/広報
広壮	宏壮	safe	文化廳「同音の漢字による書きかえ」。大辭泉が兩表記を同一見出しに擧げ、建物等が廣大で立派な語義を共有する。https://kotobank.jp/word/広壮
広大	宏大	pending	文化廳「同音の漢字による書きかえ」。大辭泉に廣島大學の略稱が別見出しであり、廣く大きい意のみへの書換へは一律に適用できない。https://kotobank.jp/word/広大
広範	広汎	safe	文化廳「同音の漢字による書きかえ」。大辭泉が兩表記を同一見出しに擧げ、廣く行き渡り範圍が廣い語義を共有する。https://kotobank.jp/word/広範
広野	曠野	pending	文化廳「同音の漢字による書きかえ」。大辭泉は音讀の兩表記を倂記するが、訓讀の廣い野及び地名が別見出しにあり、一律の書換へは保留する。https://kotobank.jp/word/広野
座州	坐洲	safe	文化廳「同音の漢字による書きかえ」。精選版日本國語大辭典が後者からの書換へと明記し、船が淺瀨に乘り上げる語義を共有する。https://kotobank.jp/word/座州
座礁	坐礁	safe	文化廳「同音の漢字による書きかえ」。精選版日本國語大辭典が後者からの書換へと明記し、船の乘上げ及び物事の頓挫の兩義を共有する。https://kotobank.jp/word/座礁
座視	坐視	safe	文化廳「同音の漢字による書きかえ」。精選版日本國語大辭典が兩表記を同一見出しに擧げ、坐つたまま見ること及び傍觀することの兩義を共有する。https://kotobank.jp/word/座視
弦歌	絃歌	safe	文化廳「同音の漢字による書きかえ」。精選版日本國語大辭典が兩表記を同一見出しに擧げ、樂器に合はせて歌ふ意を共有する。https://kotobank.jp/word/弦歌
強固	鞏固	safe	文化廳「同音の漢字による書きかえ」。精選版日本國語大辭典が兩表記を同一見出しに擧げ、丈夫で確かな狀態及び丈夫にする意を共有する。https://kotobank.jp/word/強固
強欲	強慾	safe	文化廳「同音の漢字による書きかえ」。前者は願望の意で、語義を變へない。
御者	馭者	safe	文化廳「同音の漢字による書きかえ」。精選版日本國語大辭典が兩表記を同一見出しに擧げ、馬を扱ふ人及び馬車を走らせる人を共有し、星座の略稱は後者に限る。https://kotobank.jp/word/御者
快活	快濶	pending	文化廳「同音の漢字による書きかえ」。精選版日本國語大辭典に心持ちよく生き生きする意と明るく元氣な性質の意があるが、後者表記で兩義を共有する根據を確認できず保留する。https://kotobank.jp/word/快活
性欲	性慾	safe	文化廳「同音の漢字による書きかえ」。前者は願望の意で、語義を變へない。
恩義	恩誼	safe	文化廳「同音の漢字による書きかえ」。精選版日本國語大辭典が兩表記を同一見出しに擧げ、慈しみの深いこと及び報いる義理のある恩の語義を共有する。https://kotobank.jp/word/恩義
情義	情誼	pending	文化廳「同音の漢字による書きかえ」。大辭泉は後者の見出しに兩表記を擧げるが、前者の人情と義理と後者の交際上の誠意を別に說明し、全語義の同等性を確認できず保留する。https://kotobank.jp/word/情義 https://kotobank.jp/word/情誼
意向	意嚮	safe	文化廳「同音の漢字による書きかえ」。精選版日本國語大辭典が兩表記を同一見出しに擧げ、心の向かふ所及びどうするかの意思・判斷の語義を共有する。https://kotobank.jp/word/意向
愛欲	愛慾	safe	文化廳「同音の漢字による書きかえ」。前者は願望の意で、語義を變へない。
憶測	臆測	safe	文化廳「同音の漢字による書きかえ」。大辭泉及び精選版日本國語大辭典が兩表記を同一見出しに擧げ、あて推量の意を共有する。https://kotobank.jp/word/憶測
憶説	臆説	safe	文化廳「同音の漢字による書きかえ」。大辭泉及び精選版日本國語大辭典が兩表記を同一見出しに擧げ、推測・假定に基づく意見の語義を共有する。https://kotobank.jp/word/憶説
戒告	誡告	pending	文化廳「同音の漢字による書きかえ」。大辭泉は一般の戒めで兩表記を擧げるが、懲戒處分及び行政代執行の通知は前者に限ると明記してをり保留する。https://kotobank.jp/word/戒告
戦没	戦歿	safe	文化廳「同音の漢字による書きかえ」。精選版日本國語大辭典が兩表記を同一見出しに擧げ、戰爭や戰鬪による死亡の語義を共有する。https://kotobank.jp/word/戦没
扇動	煽動	safe	文化廳「同音の漢字による書きかえ」。大辭泉及び精選版日本國語大辭典が兩表記を同一見出しに擧げ、行動をそそのかす意を共有する。https://kotobank.jp/word/扇動
扇情	煽情	safe	文化廳「同音の漢字による書きかえ」。精選版日本國語大辭典が後者からの書換へと明記し、感情・情慾をあふり立てる意を共有する。https://kotobank.jp/word/扇情
手帳	手帖	safe	文化廳「同音の漢字による書きかえ」。精選版日本國語大辭典が兩表記を同一見出しに擧げ、手控への記入及び江戶時代の檢地の手控を共有する。https://kotobank.jp/word/手帳
手跡	手蹟	safe	文化廳「同音の漢字による書きかえ」。前者は「あとのこる」の意で、語義を變へない。
技量	技倆	pending	文化廳「同音の漢字による書きかえ」。大辭泉は腕前の意で兩表記を擧げるが、精選版日本國語大辭典の强健なさまの意を指定された後者で確認できず保留する。https://kotobank.jp/word/技量
抜粋	抜萃	safe	文化廳「同音の漢字による書きかえ」。精選版日本國語大辭典が兩表記を同一見出しに擧げ、拔きん出る意及び必要部分の拔書き・抄錄を共有する。https://kotobank.jp/word/抜粋
掃滅	剿滅	safe	文化廳「同音の漢字による書きかえ」。精選版日本國語大辭典が兩表記を同一見出しに擧げ、惡や害敵を滅ぼし盡くす語義を共有する。https://kotobank.jp/word/掃滅
掘削	掘鑿	safe	文化廳「同音の漢字による書きかえ」。精選版日本國語大辭典が兩表記を同一見出しに擧げ、土や巖の掘取り・穴開け及びその譬喩を共有する。https://kotobank.jp/word/掘削
控除	扣除	safe	文化廳「同音の漢字による書きかえ」。精選版日本國語大辭典が兩表記を同一見出しに擧げ、金錢や數量を差引き勘定から除く語義を共有する。https://kotobank.jp/word/控除
援護	掩護	pending	文化廳「同音の漢字による書きかえ」。精選版日本國語大辭典は困つた人を助ける意と後者への參照を分けてをり、軍事的保護から援助全般への同等性は保留する。https://kotobank.jp/word/援護 https://kotobank.jp/word/掩護
摩滅	磨滅	safe	文化廳「同音の漢字による書きかえ」。精選版日本國語大辭典が兩表記を同一見出しに擧げ、物・力・現象・感情が擦れて消える語義を共有する。https://kotobank.jp/word/摩滅
放棄	抛棄	safe	文化廳「同音の漢字による書きかえ」。精選版日本國語大辭典が兩表記を同一見出しに擧げ、投げ捨てて顧みない意及び權利・資格・利益を行使しない意を共有する。https://kotobank.jp/word/放棄
教戒	教誨	pending	文化廳「同音の漢字による書きかえ」。兩辭典は前者に敎へ戒める意、後者に敎へ諭す意・刑務所等の敎育・技術や智識を敎へる意を擧げ、指定された兩表記の同等性は確認できず保留する。https://kotobank.jp/word/教戒 https://kotobank.jp/word/教誨
散布	撒布	safe	文化廳「同音の漢字による書きかえ」。大辭泉が兩表記を同一見出しに擧げ、撒き散らす意及び散らばつて存在する意を共有する。https://kotobank.jp/word/散布
散水	撒水	safe	文化廳「同音の漢字による書きかえ」。精選版日本國語大辭典が後者からの書換へと明記し、水を撒く・注ぎ掛ける語義を共有する。https://kotobank.jp/word/散水
族生	簇生	safe	文化廳「同音の漢字による書きかえ」。大辭泉が兩表記を同一見出しに擧げ、群がつて生じる語義を共有する。https://kotobank.jp/word/族生
日食	日蝕	pending	文化廳「同音の漢字による書きかえ」。天文現象のほか「一日の⻝物・⻝糧」（にちじき／にっき）の語義があり、文脈を判別しない自動置換はできない。https://kotobank.jp/word/日食-109856
旧跡	旧蹟	safe	文化廳「同音の漢字による書きかえ」。前者は「あとのこる」の意で、語義を變へない。
昇叙	陞叙	safe	文化廳「同音の漢字による書きかえ」。精選版日本國語大辭典が兩表記を同一見出しに擧げ、上級の官位を授けられる語義を共有する。https://kotobank.jp/word/昇叙
暖房	煖房	safe	文化廳「同音の漢字による書きかえ」。精選版日本國語大辭典が兩表記を同一見出しに擧げ、引越しの祝ひ及び室內を暖める行爲・裝置を共有する。https://kotobank.jp/word/暖房
暖炉	煖炉	safe	文化廳「同音の漢字による書きかえ」。精選版日本國語大辭典が兩表記を同一見出しに擧げ、室內を暖める裝置及び壁に造り附ける爐を共有する。https://kotobank.jp/word/暖炉
暗唱	暗誦	safe	文化廳「同音の漢字による書きかえ」。大辭泉が兩表記を同一見出しに擧げ、暗記したことを口に出して唱へる語義を共有する。https://kotobank.jp/word/暗唱
暗夜	闇夜	safe	文化廳「同音の漢字による書きかえ」。精選版日本國語大辭典が兩表記を同一見出しに擧げ、暗い夜・不安な世情・困つた事の各義を共有する。https://kotobank.jp/word/暗夜
暗影	暗翳	safe	文化廳「同音の漢字による書きかえ」。精選版日本國語大辭典が兩表記を同一見出しに擧げ、暗い陰及び不安・不吉の兆の兩義を共有する。https://kotobank.jp/word/暗影
暴露	曝露	safe	文化廳「同音の漢字による書きかえ」。精選版日本國語大辭典が兩表記を同一見出しに擧げ、風雨や有害物への曝し・露出・祕密や惡事の發覺を共有する。https://kotobank.jp/word/暴露
更生	甦生	pending	文化廳「同音の漢字による書きかえ」。一般語は復活・立直り・宗敎的再生・不用品の再利用を兩表記で共有するが、大辭泉プラス所收の同名の映畫は前者のみの題名であり保留する。https://kotobank.jp/word/更生
書簡	書翰	safe	文化廳「同音の漢字による書きかえ」。精選版日本國語大辭典が兩表記を同一見出しに擧げ、手紙・書くことと筆蹟・書齋の文房具を共有する。https://kotobank.jp/word/書簡
月食	月蝕	safe	文化廳「同音の漢字による書きかえ」。前者は「むしばむ」の意で、語義を變へない。
枯渇	涸渇	safe	文化廳「同音の漢字による書きかえ」。精選版日本國語大辭典が兩表記を同一見出しに擧げ、水が枯れる意及び物が盡きる・なくす意を共有する。https://kotobank.jp/word/枯渇
根底	根柢	safe	文化廳「同音の漢字による書きかえ」。精選版日本國語大辭典が兩表記を同一見出しに擧げ、草木の根及び物事の根本・基礎を共有する。https://kotobank.jp/word/根底
格闘	挌闘	safe	文化廳「同音の漢字による書きかえ」。精選版日本國語大辭典が兩表記を同一見出しに擧げ、組合つて爭ふ意及び物事に取組む譬喩を共有する。https://kotobank.jp/word/格闘
案分	按分	safe	文化廳「同音の漢字による書きかえ」
模索	摸索	safe	文化廳「同音の漢字による書きかえ」。精選版日本國語大辭典が兩表記を同一見出しに擧げ、手探りの探索及び考へながら探る轉義を共有する。https://kotobank.jp/word/模索
機知	機智	safe	文化廳「同音の漢字による書きかえ」。大辭泉が兩表記を同一見出しに擧げ、その場に應じて素早く働く才知を共有する。https://kotobank.jp/word/機知
死体	屍体	pending	文化廳「同音の漢字による書きかえ」。大辭泉は死んだ人や動物の體で兩表記を擧げるが、精選版日本國語大辭典の相撲の「しにたい」は前者のみの別語であり保留する。https://kotobank.jp/word/死体
死没	死歿	safe	文化廳「同音の漢字による書きかえ」。精選版日本國語大辭典が兩表記を同一見出しに擧げ、死亡の語義を共有する。https://kotobank.jp/word/死没
気炎	気焔	safe	文化廳「同音の漢字による書きかえ」。精選版日本國語大辭典が兩表記を同一見出しに擧げ、盛んな意氣及び意氣盛んな議論を共有する。https://kotobank.jp/word/気炎
決別	訣別	safe	文化廳「同音の漢字による書きかえ」。精選版日本國語大辭典が兩表記を同一見出しに擧げ、暇乞ひの別れ及び永久にきつぱり別れる意を共有する。https://kotobank.jp/word/決別
決壊	決潰	safe	文化廳「同音の漢字による書きかえ」。精選版日本國語大辭典が兩表記を同一見出しに擧げ、堤防等が切れて崩れる・切崩す意を共有する。https://kotobank.jp/word/決壊
決起	蹶起	safe	文化廳「同音の漢字による書きかえ」。精選版日本國語大辭典が兩表記を同一見出しに擧げ、勢ひよく立上がる意及び決意して行動する意を共有する。https://kotobank.jp/word/決起
沈殿	沈澱	safe	文化廳「同音の漢字による書きかえ」。精選版日本國語大辭典が兩表記を同一見出しに擧げ、液體中の沈積・落魄の譬喩・化學的な固相生成と沈降物を共有する。https://kotobank.jp/word/沈殿
注文	註文	pending	文化廳「同音の漢字による書きかえ」。精選版日本國語大辭典は依賴・條件・願望・記錄等で兩表記を擧げるが、字通の別讀みの適用範圍は確認できず保留する。https://kotobank.jp/word/注文
注解	註解	safe	文化廳「同音の漢字による書きかえ」。精選版日本國語大辭典が「ちゆうかい」「ちゆうげ」の兩讀みで兩表記を同一見出しに擧げ、注を加へた說明及びその文書を共有する。https://kotobank.jp/word/注解
注釈	註釈	safe	文化廳「同音の漢字による書きかえ」。精選版日本國語大辭典が兩表記を同一見出しに擧げ、語句の解說・補足說明及び藥味の語義を共有する。https://kotobank.jp/word/注釈
洗浄	洗滌	pending	文化廳「同音の漢字による書きかえ」。大辭泉が本來は別語と明記し、身心を洗ひ淸める佛敎的な意を前者に限つてをり保留する。https://kotobank.jp/word/洗浄
活発	活潑	safe	文化廳「同音の漢字による書きかえ」。精選版日本國語大辭典が活溌からの書換へと明記し、魚が跳ねる意と勢ひのよい意を共有する。溌は潑の新字體。https://kotobank.jp/word/活発
浸透	滲透	safe	文化廳「同音の漢字による書きかえ」。精選版日本國語大辭典が兩表記を同一見出しに擧げ、染み通る意・思想等の普及・膜を通る溶媒の移動を共有する。https://kotobank.jp/word/浸透
浸食	浸蝕	safe	文化廳「同音の漢字による書きかえ」。前者は「むしばむ」の意で、語義を變へない。
消却	銷却	safe	文化廳「同音の漢字による書きかえ」。精選版日本國語大辭典が兩表記を同一見出しに擧げ、消去・消費・返濟・國債や銀行券の返卻・破壞を共有する。https://kotobank.jp/word/消却
消夏	銷夏	safe	文化廳「同音の漢字による書きかえ」。精選版日本國語大辭典が兩表記を同一見出しに擧げ、夏の暑さを凌ぐ語義を共有する。https://kotobank.jp/word/消夏
消沈	銷鎮	pending	文化廳「同音の漢字による書きかえ」。兩辭典は銷沈の表記で消失・意氣衰退・不景氣を擧げるが、指定された後者は別の字であり同等性を確認できず保留する。https://kotobank.jp/word/消沈
混交	混淆	safe	文化廳「同音の漢字による書きかえ」。大辭泉が兩表記を同一見出しに擧げ、異なるものの混合及び言語學の混成を共有する。https://kotobank.jp/word/混交
混迷	昏迷	pending	文化廳「同音の漢字による書きかえ」。大辭泉は一般的な混亂・見通しのなさと後者の分別が定まらない意を區別してをり、全語義の同等性は保留する。https://kotobank.jp/word/混迷 https://kotobank.jp/word/昏迷
湾入	彎入	safe	文化廳「同音の漢字による書きかえ」。精選版日本國語大辭典が兩表記を同一見出しに擧げ、曲りくねつた入り込み及び灣・入江の形成を共有する。https://kotobank.jp/word/湾入
湾曲	彎曲	safe	文化廳「同音の漢字による書きかえ」。精選版日本國語大辭典が後者からの書換へと明記し、字通も兩表記を同義とする。https://kotobank.jp/word/湾曲
溶岩	熔岩	safe	文化廳「同音の漢字による書きかえ」。精選版日本國語大辭典が兩表記を倂記し、噴出した溶融狀態のマグマと固結した巖石を共有する。https://kotobank.jp/word/溶岩
溶接	熔接	safe	文化廳「同音の漢字による書きかえ」。精選版日本國語大辭典が書換へと明記し、金屬・ガラス・合成樹脂の接合を共有する。https://kotobank.jp/word/溶接
溶解	熔解	pending	文化廳「同音の漢字による書きかえ」。大辭泉は熱による金屬の融解だけに後者を擧げ、溶液となる溶解は別見出しであり保留する。https://kotobank.jp/word/溶解
漁労	漁撈	safe	文化廳「同音の漢字による書きかえ」。大辭泉が兩表記を倂記し、水產物を捕る行爲及び作業を共有する。https://kotobank.jp/word/漁労
火炎	火焔	safe	文化廳「同音の漢字による書きかえ」。精選版日本國語大辭典が兩表記を倂記し、燃える火及び火焰光背の略稱を共有する。https://kotobank.jp/word/火炎
炭鉱	炭礦	safe	文化廳「同音の漢字による書きかえ」。精選版日本國語大辭典が兩表記を倂記し、石炭を採掘する鑛山を共有する。https://kotobank.jp/word/炭鉱
無欲	無慾	safe	文化廳「同音の漢字による書きかえ」。前者は願望の意で、語義を變へない。
無知	無智	safe	文化廳「同音の漢字による書きかえ」。精選版日本國語大辭典が兩表記を倂記し、智識や知惠のなさ及び小賢しい智・技巧に走らない意を共有する。https://kotobank.jp/word/無知
焦燥	焦躁	safe	文化廳「同音の漢字による書きかえ」。精選版日本國語大辭典が兩表記を倂記し、苛立ち焦る語義を共有する。https://kotobank.jp/word/焦燥
物欲	物慾	safe	文化廳「同音の漢字による書きかえ」。前者は願望の意で、語義を變へない。
特集	特輯	safe	文化廳「同音の漢字による書きかえ」。精選版日本國語大辭典が兩表記を倂記し、特別な話題の編輯・報道とその記事・番組を共有する。https://kotobank.jp/word/特集
理屈	理窟	pending	文化廳「同音の漢字による書きかえ」。精選版日本國語大辭典は通常の讀みで兩表記を擧げるが、變化した讀み「りけつ」は前者のみであり全讀みへの適用は保留する。https://kotobank.jp/word/理屈
理知	理智	safe	文化廳「同音の漢字による書きかえ」。兩辭典が兩表記を倂記し、理性・論理的判斷力を共有する。佛敎の眞理と悟りの智慧は後者に限ると明記する。https://kotobank.jp/word/理知
画然	劃然	safe	文化廳「同音の漢字による書きかえ」。精選版日本國語大辭典が書換へと明記し、區別や行爲が明確なさま及び明確に行ふ副詞の意を共有する。https://kotobank.jp/word/画然
略奪	掠奪	safe	文化廳「同音の漢字による書きかえ」。精選版日本國語大辭典が兩表記を倂記し、暴力で奪ひ取る語義を共有する。https://kotobank.jp/word/略奪
疎明	疏明	safe	文化廳「同音の漢字による書きかえ」。精選版日本國語大辭典が兩表記を倂記し、辨明及び裁判官に一應の推測を抱かせる訴訟上の意を共有する。https://kotobank.jp/word/疎明
疎水	疏水	safe	文化廳「同音の漢字による書きかえ」。大辭泉が兩表記を倂記し、灌漑等の水路及び水への親和性が弱い意を共有する。https://kotobank.jp/word/疎水
疎通	疏通	pending	文化廳「同音の漢字による書きかえ」。一般語は兩表記を共有するが、ブリタニカの神經の刺戟傳達の促通に後者を用ゐる根據を確認できず保留する。https://kotobank.jp/word/疎通
病没	病歿	safe	文化廳「同音の漢字による書きかえ」。精選版日本國語大辭典が兩表記を倂記し、病氣による死亡を共有する。https://kotobank.jp/word/病没
発酵	醗酵	safe	文化廳「同音の漢字による書きかえ」。精選版日本國語大辭典が兩表記を倂記し、微生物による化學變化及び考へが熟す譬喩を共有する。醗は醱の新字體。https://kotobank.jp/word/発酵
盲動	妄動	safe	文化廳「同音の漢字による書きかえ」。大辭泉が兩表記を倂記し、分別なくむやみに行動する語義を共有する。https://kotobank.jp/word/妄動
相克	相剋	safe	文化廳「同音の漢字による書きかえ」。大辭泉が兩表記を同一見出しに擧げ、一般の對立及び五行說の兩義を共有する。https://kotobank.jp/word/相克
真跡	真蹟	safe	文化廳「同音の漢字による書きかえ」。前者は「あとのこる」の意で、語義を變へない。
知恵	智慧	safe	文化廳「同音の漢字による書きかえ」。精選版日本國語大辭典が通常の讀みと「ちけい」で兩表記を倂記し、佛敎・道理の判斷處理・才覺・哲學的な英知を共有する。https://kotobank.jp/word/知恵
知能	智能	safe	文化廳「同音の漢字による書きかえ」。精選版日本國語大辭典が兩表記を倂記し、理解・判斷の能力及び知能檢査の精神水準を共有する。https://kotobank.jp/word/知能
知謀	智謀	safe	文化廳「同音の漢字による書きかえ」。精選版日本國語大辭典が兩表記を倂記し、巧みな計略を共有する。https://kotobank.jp/word/知謀
短編	短篇	pending	文化廳「同音の漢字による書きかえ」。文學や映畫の短い作品と律詩は兩表記を共有するが、精選版日本國語大辭典の「みじかあみ」は前者のみの編物の別語であり保留する。https://kotobank.jp/word/短編
研摩	研磨	safe	文化廳「同音の漢字による書きかえ」。精選版日本國語大辭典が書換へと明記し、表面の磨き及び精神・智識・能力の鍊磨を共有する。https://kotobank.jp/word/研磨
破棄	破毀	safe	文化廳「同音の漢字による書きかえ」。精選版日本國語大辭典が兩表記を倂記し、破り捨てる意・契約取消し・上級裁判所の原判決取消しを共有する。https://kotobank.jp/word/破棄
破砕	破摧	safe	文化廳「同音の漢字による書きかえ」。精選版日本國語大辭典が兩表記を倂記し、粉々に碎く・碎ける意を共有する。https://kotobank.jp/word/破砕
硬骨	鯁骨	pending	文化廳「同音の漢字による書きかえ」。大辭泉は意志や信念の强さに後者を擧げるが、骨組織の語義には適用しないため保留する。https://kotobank.jp/word/硬骨
端座	端坐	safe	文化廳「同音の漢字による書きかえ」。精選版日本國語大辭典が兩表記を倂記し、姿勢を正して坐る意及び何もせず坐つてゐる意を共有する。https://kotobank.jp/word/端座
符丁	符牒	safe	文化廳「同音の漢字による書きかえ」。大辭泉が兩表記を倂記し、商品に附ける標示・仲閒の隱語・記號を共有する。https://kotobank.jp/word/符丁
筆跡	筆蹟	safe	文化廳「同音の漢字による書きかえ」。前者は「あとのこる」の意で、語義を變へない。
糾弾	糺弾	safe	文化廳「同音の漢字による書きかえ」。精選版日本國語大辭典が兩表記を倂記し、罪狀や失敗を問ひ質し咎める語義を共有する。https://kotobank.jp/word/糾弾
糾明	糺明	safe	文化廳「同音の漢字による書きかえ」。精選版日本國語大辭典が兩表記を倂記し、罪や不正を問ひ質し明らかにする語義を共有する。https://kotobank.jp/word/糾明
終息	終熄	safe	文化廳「同音の漢字による書きかえ」。精選版日本國語大辭典が兩表記を倂記し、物事が終はり止む語義を共有する。https://kotobank.jp/word/終息
絶賛	絶讃	safe	文化廳「同音の漢字による書きかえ」。大辭泉が兩表記を倂記し、最上の稱讚及び販賣等の狀況を稱讚する副詞的用法を共有する。https://kotobank.jp/word/絶賛
綿花	棉花	pending	文化廳「同音の漢字による書きかえ」。大辭泉は纖維の意で兩表記を擧げるが、精選版日本國語大辭典の「わたばな」は綿で作る造花の別語であり保留する。https://kotobank.jp/word/綿花
総合	綜合	safe	文化廳「同音の漢字による書きかえ」。精選版日本國語大辭典が兩表記を倂記し、個別のものを纏める意及び認識論・辨證法の統一と止揚を共有する。https://kotobank.jp/word/総合
総菜	惣菜	safe	文化廳「同音の漢字による書きかえ」。精選版日本國語大辭典が兩表記を倂記し、日常のおかずを共有する。https://kotobank.jp/word/総菜
編集	編輯	safe	文化廳「同音の漢字による書きかえ」。大辭泉が兩表記を倂記し、新聞・雜誌・書物の整理と映像の取纏め及びその仕事を共有する。https://kotobank.jp/word/編集
練乳	煉乳	safe	文化廳「同音の漢字による書きかえ」。精選版日本國語大辭典が書換へと明記し、牛乳を濃縮したものを共有する。https://kotobank.jp/word/練乳
練炭	煉炭	safe	文化廳「同音の漢字による書きかえ」。精選版日本國語大辭典が兩表記を倂記し、木炭粉等の炭團及び石炭等を固めた燃料を共有する。https://kotobank.jp/word/練炭
繁殖	蕃殖	safe	文化廳「同音の漢字による書きかえ」。精選版日本國語大辭典が後者を同義として擧げ、動植物が殖える一般義及び生殖による個體增を共有する。https://kotobank.jp/word/繁殖
肝心	肝腎	pending	文化廳「同音の漢字による書きかえ」。重要なことは兩表記を共有するが、大辭泉・精選版日本國語大辭典の「きもごころ」は心・魂・正氣の別語であり保留する。https://kotobank.jp/word/肝心
背徳	悖徳	safe	文化廳「同音の漢字による書きかえ」。精選版日本國語大辭典が兩表記を倂記し、道德・人倫に背く語義を共有する。https://kotobank.jp/word/背徳
腐乱	腐爛	safe	文化廳「同音の漢字による書きかえ」。大辭泉が兩表記を倂記し、腐つて形が崩れる語義を共有する。https://kotobank.jp/word/腐乱
腐食	腐蝕	safe	文化廳「同音の漢字による書きかえ」。前者は「むしばむ」の意で、語義を變へない。
膨大	厖大	pending	文化廳「同音の漢字による書きかえ」。大辭泉は大きな量の意に後者を擧げるが、膨れて大きくなる名詞・動詞の意は前者のみであり保留する。https://kotobank.jp/word/膨大
舗装	鋪装	safe	文化廳「同音の漢字による書きかえ」。精選版日本國語大辭典が兩表記を倂記し、道路表面を仕上げ耐久性等を增す語義を共有する。https://kotobank.jp/word/舗装
船倉	船艙	safe	文化廳「同音の漢字による書きかえ」。精選版日本國語大辭典が書換へと明記し、船の貨物を積む場所を共有する。https://kotobank.jp/word/船倉
色欲	色慾	safe	文化廳「同音の漢字による書きかえ」。前者は願望の意で、語義を變へない。
英才	頴才	pending	文化廳「同音の漢字による書きかえ」。兩辭典が別の字の後者を倂記し、才能・才人・家柄等を擧げるが、指定 target の字形での同等性は確認できず保留する。https://kotobank.jp/word/英才
英知	叡智	safe	文化廳「同音の漢字による書きかえ」。大辭泉が兩表記を倂記し、優れた才知及び哲學的な認識とその能力を共有する。書名も後者への參照を明記する。https://kotobank.jp/word/英知
落盤	落磐	safe	文化廳「同音の漢字による書きかえ」。精選版日本國語大辭典が兩表記を倂記し、坑內の天井や壁の崩落を共有する。https://kotobank.jp/word/落盤
蒸留	蒸溜	safe	文化廳「同音の漢字による書きかえ」。精選版日本國語大辭典が兩表記を同一見出しに擧げ、化學操作と譬喩の兩義を共有する。大辭泉の智識蒸溜の語義も同一見出しに含まれる。https://kotobank.jp/word/蒸留
薄幸	薄倖	safe	文化廳「同音の漢字による書きかえ」。大辭泉が兩表記を倂記し、幸せに惠まれない語義を共有する。https://kotobank.jp/word/薄幸
薫製	燻製	safe	文化廳「同音の漢字による書きかえ」。世界大百科事典が兩表記を倂記し、煙で⻝品に風味・保存性を與へる加工及び加工品を共有する。https://kotobank.jp/word/薫製
蛮族	蕃族	safe	文化廳「同音の漢字による書きかえ」。精選版日本國語大辭典が兩表記を倂記し、文化的に開けてゐない種族の語義を共有する。https://kotobank.jp/word/蛮族
衣装	衣裳	safe	文化廳「同音の漢字による書きかえ」。精選版日本國語大辭典が兩表記を同一見出しに擧げ、衣服一般及び舞臺の衣服の語義を共有する。https://kotobank.jp/word/衣装
衰退	衰頽	safe	文化廳「同音の漢字による書きかえ」。大辭泉が兩表記を倂記し、勢ひや活力が衰へ弱まる語義を共有する。https://kotobank.jp/word/衰退
補佐	輔佐	safe	文化廳「同音の漢字による書きかえ」。精選版日本國語大辭典が兩表記を倂記し、務めを助ける行爲とその役・人及び江戶幕府の臨時職を共有する。https://kotobank.jp/word/補佐
補導	輔導	safe	文化廳「同音の漢字による書きかえ」。大辭泉が兩表記を倂記し、正しい方向への指導及び靑少年の非行防止の指導を共有する。https://kotobank.jp/word/補導
訓戒	訓誡	safe	文化廳「同音の漢字による書きかえ」。精選版日本國語大辭典が兩表記を倂記し、善惡の戒め・會社や學校の處罰・裁判長の戒めを共有する。https://kotobank.jp/word/訓戒
記章	徽章	pending	文化廳「同音の漢字による書きかえ」。大辭泉は所屬等を示すバッジだけに後者を擧げ、參加等の記念の標章は前者のみの別見出しであり保留する。https://kotobank.jp/word/記章
試練	試煉	pending	文化廳「同音の漢字による書きかえ」。一般的な苦難と鍛鍊は兩表記を共有するが、世界大百科事典に同名のベルゴーリツの詩集があり書名の書換へは保留する。https://kotobank.jp/word/試練
講和	媾和	safe	文化廳「同音の漢字による書きかえ」。精選版日本國語大辭典が兩表記を倂記し、交戰國の和平及び喧嘩した人の仲直りを共有する。https://kotobank.jp/word/講和
象眼	象嵌	pending	文化廳「同音の漢字による書きかえ」。精選版日本國語大辭典は工藝・印刷・泥畫を兩表記で擧げるが、別讀み「ざうが」には後者を擧げず全讀みへの適用は保留する。https://kotobank.jp/word/象眼
賛仰	讃仰	safe	文化廳「同音の漢字による書きかえ」。字通が前者から後者の舊字體表記への參照を擧げてをり、語義を變へない。https://kotobank.jp/word/賛仰
賛嘆	讃嘆	safe	文化廳「同音の漢字による書きかえ」。精選版日本國語大辭典が兩表記を倂記し、感心して襃める語義を共有する。佛敎の讚歌は別表記に限ると明記する。https://kotobank.jp/word/賛嘆 https://kotobank.jp/word/讃嘆
賛美	讃美	safe	文化廳「同音の漢字による書きかえ」。大辭泉が兩表記を倂記し、襃め稱へる語義を共有する。https://kotobank.jp/word/賛美
賛辞	讃辞	safe	文化廳「同音の漢字による書きかえ」。大辭泉が兩表記を倂記し、襃め稱へる言葉の語義を共有する。https://kotobank.jp/word/賛辞
踏襲	蹈襲	safe	文化廳「同音の漢字による書きかえ」。精選版日本國語大辭典が兩表記を倂記し、前人の說や方法を受繼ぐ語義を共有する。https://kotobank.jp/word/踏襲
車両	車輌	safe	文化廳「同音の漢字による書きかえ」。精選版日本國語大辭典が書換へと明記し、汽車・電車・自動車等の車一般を共有する。後者の別字形の見出しへも同項目を返す。https://kotobank.jp/word/車両 https://kotobank.jp/word/車輌
転倒	顚倒	safe	文化廳「同音の漢字による書きかえ」。精選版日本國語大辭典が兩表記を倂記し、逆轉・倒れる意・狼狽・所領の所有權剝奪・佛敎の顚倒を共有する。https://kotobank.jp/word/転倒
転覆	顚覆	safe	文化廳「同音の漢字による書きかえ」。精選版日本國語大辭典が兩表記を倂記し、船車や價値の反轉及び政府等の滅亡・打倒を共有する。https://kotobank.jp/word/転覆
輪郭	輪廓	safe	文化廳「同音の漢字による書きかえ」。精選版日本國語大辭典が兩表記を倂記し、外形の線・姿・目鼻立ち・槪略を共有する。https://kotobank.jp/word/輪郭
辺境	辺疆	safe	文化廳「同音の漢字による書きかえ」。精選版日本國語大辭典が兩表記を倂記し、中央から遠い國の果て・國境を共有する。https://kotobank.jp/word/辺境
退勢	頽勢	safe	文化廳「同音の漢字による書きかえ」。大辭泉が兩表記を倂記し、勢ひが衰へる語義を共有する。https://kotobank.jp/word/退勢
退廃	頽廃	pending	文化廳「同音の漢字による書きかえ」。精選版日本國語大辭典は地位から退ける・止める意と後者への參照を分けてをり、全語義の同等性は保留する。https://kotobank.jp/word/退廃
退色	褪色	safe	文化廳「同音の漢字による書きかえ」。精選版日本國語大辭典が兩表記を倂記し、色が褪せる意及びその色を共有する。https://kotobank.jp/word/退色
途絶	杜絶	pending	文化廳「同音の漢字による書きかえ」。大辭泉は通常の中斷・遮斷で兩表記を擧げるが、世界大百科事典の精神醫學的な行動停止への適用は確認できず保留する。https://kotobank.jp/word/途絶
連係	連繋	safe	文化廳「同音の漢字による書きかえ」。精選版日本國語大辭典が兩表記を倂記し、互ひに密接な繫がりや關聯を持つ語義を共有する。https://kotobank.jp/word/連係
連合	聯合	safe	文化廳「同音の漢字による書きかえ」。前者は「むすびつらねる」の意で、語義を變へない。
連座	連坐	safe	文化廳「同音の漢字による書きかえ」。大辭泉が兩表記を倂記し、犯罪の連帶責任による處罰及び同じ席に連なつて坐る意を共有する。https://kotobank.jp/word/連座
連想	聯想	safe	文化廳「同音の漢字による書きかえ」。前者は「むすびつらねる」の意で、語義を變へない。
連珠	聯珠	safe	文化廳「同音の漢字による書きかえ」。前者は「むすびつらねる」の意で、語義を變へない。
連盟	聯盟	safe	文化廳「同音の漢字による書きかえ」。前者は「むすびつらねる」の意で、語義を變へない。
連立	聯立	safe	文化廳「同音の漢字による書きかえ」。前者は「むすびつらねる」の意で、語義を變へない。
連絡	聯絡	safe	文化廳「同音の漢字による書きかえ」。前者は「むすびつらねる」の意で、語義を變へない。
連邦	聯邦	safe	文化廳「同音の漢字による書きかえ」。前者は「むすびつらねる」の意で、語義を變へない。
選考	銓衡	safe	文化廳「同音の漢字による書きかえ」。大辭泉が兩表記を倂記し、能力や人柄を調べ適格者を選ぶ語義を共有する。https://kotobank.jp/word/選考
遺跡	遺蹟	safe	文化廳「同音の漢字による書きかえ」。前者は「あとのこる」の意で、語義を變へない。
郭大	廓大	safe	文化廳「同音の漢字による書きかえ」。大辭泉が兩表記を倂記し、廣く大きい狀態及び擴大する意を共有する。https://kotobank.jp/word/郭大
酢酸	醋酸	safe	文化廳「同音の漢字による書きかえ」。大辭泉及び精選版日本國語大辭典が兩表記を同一見出しに擧げ、化學式CH3COOHの物質を指す。https://kotobank.jp/word/酢酸
里謡	俚謡	safe	文化廳「同音の漢字による書きかえ」。大辭泉・世界大百科事典が兩表記を倂記し、民閒で歌はれる民謠を共有する。https://kotobank.jp/word/里謡
野卑	野鄙	safe	文化廳「同音の漢字による書きかえ」。精選版日本國語大辭典が兩表記を倂記し、低い身分とその人及び下品な言動を共有する。https://kotobank.jp/word/野卑
針術	鍼術	safe	文化廳「同音の漢字による書きかえ」。精選版日本國語大辭典が兩表記を倂記し、針を用ゐる漢方醫術を共有する。https://kotobank.jp/word/鍼術
鉱業	礦業	safe	文化廳「同音の漢字による書きかえ」。大辭泉が兩表記を倂記し、鑛物の探査・採掘・加工等の產業を共有する。https://kotobank.jp/word/鉱業
鉱石	礦石	pending	文化廳「同音の漢字による書きかえ」。大辭泉・精選版日本國語大辭典は採算の取れる有用鑛物の集合體、字通の後者は原石と說明し、指定された兩表記の同等性は確認できず保留する。https://kotobank.jp/word/鉱石 https://kotobank.jp/word/礦石
長編	長篇	pending	文化廳「同音の漢字による書きかえ」。文學や映畫の長い作品は兩表記を共有するが、精選版日本國語大辭典の「ながあみ」は編物の別語であり保留する。https://kotobank.jp/word/長編
開削	開鑿	safe	文化廳「同音の漢字による書きかえ」。大辭泉が兩表記を倂記し、土地を切開き道路や運河を通す語義を共有する。https://kotobank.jp/word/開削
間欠	間歇	safe	文化廳「同音の漢字による書きかえ」。精選版日本國語大辭典が兩表記を倂記し、時閒を置いて起こる・止む語義を共有する。https://kotobank.jp/word/間欠
防御	防禦	safe	文化廳「同音の漢字による書きかえ」。精選版日本國語大辭典が兩表記を倂記し、敵の攻擊を防ぐ行爲及び備へを共有する。https://kotobank.jp/word/防御
阻喪	沮喪	safe	文化廳「同音の漢字による書きかえ」。大辭泉が兩表記を倂記し、氣力が挫けて元氣がなくなる語義を共有する。https://kotobank.jp/word/阻喪
阻止	沮止	safe	文化廳「同音の漢字による書きかえ」。精選版日本國語大辭典が兩表記を倂記し、妨げて押止める語義を共有する。https://kotobank.jp/word/阻止
陰影	陰翳	safe	文化廳「同音の漢字による書きかえ」。精選版日本國語大辭典が兩表記を倂記し、暗い部分・陰る行爲・微妙な趣・光が遮られて生じる陰と影を共有する。https://kotobank.jp/word/陰影
険阻	嶮岨	safe	文化廳「同音の漢字による書きかえ」。精選版日本國語大辭典が兩表記を倂記し、地勢・道・顏・性格・世閒の險しさを共有する。https://kotobank.jp/word/険阻
障壁	牆壁	pending	文化廳「同音の漢字による書きかえ」。兩辭典は前者に意識上の境界及び物理學的な障壁を擧げるが、後者の壁・圍ひ・妨げへの適用を確認できず保留する。https://kotobank.jp/word/障壁 https://kotobank.jp/word/牆壁
障害	障碍	safe	文化廳「同音の漢字による書きかえ」。精選版日本國語大辭典が兩表記を倂記し、妨げ・身心の機能不全・障礙競走等の略稱を共有する。https://kotobank.jp/word/障害
集荷	蒐荷	safe	文化廳「同音の漢字による書きかえ」。精選版日本國語大辭典が兩表記を倂記し、市場への產物の收集と荷物及び宅配便の小荷物の收集を共有する。https://kotobank.jp/word/集荷
集落	聚落	safe	文化廳「同音の漢字による書きかえ」。精選版日本國語大辭典が兩表記を倂記し、人の居住地・地理學の住居集團・微生物や高等生物の集團を共有する。https://kotobank.jp/word/集落
雇用	雇傭	safe	文化廳「同音の漢字による書きかえ」。精選版日本國語大辭典が書換へと明記し、人を雇ふ意・勞務契約・經濟學の生產要素使用を共有する。https://kotobank.jp/word/雇用
雑踏	雑沓	safe	文化廳「同音の漢字による書きかえ」。大辭泉が兩表記を倂記し、人が込合ふ狀態及び人込みを共有する。https://kotobank.jp/word/雑踏
離反	離叛	safe	文化廳「同音の漢字による書きかえ」。精選版日本國語大辭典が兩表記を倂記し、從つてゐたものに背き離れる語義を共有する。https://kotobank.jp/word/離反
風刺	諷刺	safe	文化廳「同音の漢字による書きかえ」。精選版日本國語大辭典が兩表記を倂記し、缺點や罪惡を遠囘しに批判し嘲笑的に描く行爲及び作品を共有する。https://kotobank.jp/word/風刺
飛語	蜚語	safe	文化廳「同音の漢字による書きかえ」。精選版日本國語大辭典が兩表記を倂記し、根據のない噂を共有する。https://kotobank.jp/word/飛語
食尽	蝕甚	safe	文化廳「同音の漢字による書きかえ」。精選版日本國語大辭典が書換へと明記し、日⻝・月蝕で最も欠けた狀態及び時刻を共有する。https://kotobank.jp/word/食尽
食欲	食慾	safe	文化廳「同音の漢字による書きかえ」。前者は願望の意で、語義を變へない。
飢餓	饑餓	safe	文化廳「同音の漢字による書きかえ」。精選版日本國語大辭典が兩表記を倂記し、⻝物が不足して飢える語義を共有する。https://kotobank.jp/word/飢餓
香典	香奠	safe	文化廳「同音の漢字による書きかえ」。精選版日本國語大辭典が兩表記を同一見出しに擧げ、葬禮に供へる金錢・⻝料の語義を共有する。https://kotobank.jp/word/香典
骨格	骨骼	safe	文化廳「同音の漢字による書きかえ」。精選版日本國語大辭典が兩表記を同一見出しに擧げ、動物の骨組・品格・物事の構造の各語義を共有する。https://kotobank.jp/word/骨格
高揚	昂揚	safe	文化廳「同音の漢字による書きかえ」。精選版日本國語大辭典が兩表記を倂記し、精神や氣分を高める・高まる意を共有する。https://kotobank.jp/word/高揚
高騰	昂騰	safe	文化廳「同音の漢字による書きかえ」。精選版日本國語大辭典が兩表記を倂記し、高く上がる一般義及び物價の上昇を共有する。https://kotobank.jp/word/高騰
